type,exam,page,xref,question,crop_px,note
absbar,2026_11_korgeo,3,48,11,"0,0,1350,1017",누적 막대 + 우측 지도(잘라 냄); 계획 초안의 x1=1200 은 오른쪽 틀선을 잘라 1350 으로 고침
absbar,2026_11_korgeo,3,49,11,"0,0,900,215",범례·주·출처 별도 그림(380dpi); 가로축 이름표가 두 그림 경계에 걸침
absbar,2025_09_korgeo,4,25,17,,막대 패널 3개(소형 다중)
absbar,2025_09_korgeo,4,26,17,,가로축·주·출처 별도 그림
absbar,2025_11_wgeo,3,12,12,"0,0,1270,2008",묶음 막대 + 우측 표(잘라 냄); 이 PDF 는 본문 텍스트 층 없음
stacked,2027_09_korgeo,3,20,14,"0,0,1380,1441",100% 누적 세로 막대 + 우측 지도(잘라 냄)
stacked,2026_11_wgeo,2,45,5,,100% 가로 띠
stacked,2026_11_wgeo,2,46,5,,눈금·범례·주 별도 그림
stacked,2025_06_korgeo,4,30,17,,원그래프 3개(조각 이름·값 직접 표기)
line,2027_09_korgeo,2,4,8,,꺾은선 2개 패널 + 범례(선 모양 구분)
line,2026_11_wgeo,2,53,10,,꺾은선 2개 패널(점 표지 + 끝 이름표)
line,2025_09_korgeo,4,29,20,,꺾은선 1개(점 표지 모양 구분 + 끝 이름표)
climate,,,,,,표본 없음 — 평가원 31개 PDF 그림에서 월별 기온선+강수막대 기후 그래프를 찾지 못함(가장 가까운 것은 deviation-a 2026_09_korgeo 12번)
hythergraph,,,,,,표본 없음
pyramid,2026_09_wgeo,2,53,10,,인구 피라미드 3개
pyramid,2026_09_wgeo,2,54,10,,가로축(남·여 %)·주 별도 그림
ternary,,,,,,표본 없음
scatter,2026_11_korgeo,2,44,9,,거품 산점(원 크기 범례 상자)
scatter,2025_09_korgeo,4,27,18,,산점(점 + 이름표)
scatter,2027_06_wgeo,4,110,18,"0,0,1330,1350",산점 + 우측 지도(잘라 냄)
econ-plane,2026_06_econ,3,63,11,,수요·공급 이동(S1·S2) + 점선 보조선
econ-plane,2026_11_econ,2,33,7,,수요·공급 + 눈금 값 + 점선 보조선
econ-plane,2027_09_econ,3,14,12,,X재·Y재 두 시장 나란히
radar,2026_11_wgeo,3,60,16,,삼각 방사형 + 범례 상자
radar,2027_06_korgeo,3,98,14,"0,0,680,464",300dpi; 방사형 + 우측 지도(잘라 냄)
radar,2027_06_korgeo,3,99,14,,300dpi; 축 끝 값·주·출처 별도 그림
treemap,2027_09_korgeo,2,10,7,,사각 면적 3개(1위·2위·3위·기타)
treemap,2027_09_korgeo,2,11,7,,값·주·출처 별도 그림
treemap,2027_09_wgeo,2,4,6,,사각 면적 3개(1~5위·기타)
data-table,2026_11_econ,2,34,9,,수치 표(경상 수지)
data-table,2026_11_econ,2,35,9,,수치 표(아래 찢김 장식)
data-table,2027_06_wgeo,1,72,1,"0,960,1650,2065",〈국가별 정보〉 표만(위 배점 표와 우측 지도 잘라 냄)
data-table,2026_11_socul,2,39,10,,세대 간 이동 교차표(음영 칸)
matrix-table,2027_09_korgeo,3,19,13,,거리 삼각 행렬 표
matrix-table,2026_11_wgeo,3,59,15,,거리 삼각 행렬 표
matrix-table,2026_11_socul,3,45,14,,○·× 기호 행렬 표
deviation-a,2026_09_korgeo,3,52,12,,월별 기온 차이 선 + 강수량 차이 막대(이중 축)
deviation-a,2026_06_wgeo,3,133,12,,380dpi; 한 그래프가 세 띠(133·134·135)로 쪼개짐
deviation-a,2026_06_wgeo,3,134,12,,380dpi; 가운데 띠
deviation-a,2026_06_wgeo,3,135,12,,380dpi; 아래 띠(가로축·주)
deviation-b,2026_11_korgeo,2,42,6,"0,0,1430,1348",지역별 강수량 차이 막대 2계열 + 우측 지도(잘라 냄)
deviation-b,2027_09_wgeo,3,13,11,,지역별 강수량 차이 막대 2계열
deviation-b,2027_09_wgeo,3,14,11,,아래 축·주 별도 그림
deviation-b,2025_11_wgeo,4,23,19,,기온 차이 점 패널 + 강수량 차이 막대 패널; 본문 텍스트 층 없음
deviation-b,2025_11_wgeo,4,24,19,,가로축·주 별도 그림
category-dot,2025_09_korgeo,3,17,11,"0,0,1662,1468",범주별 점 2계열(●○) + 범례 상자 + 우측 지도(잘라 냄)
category-dot,2026_06_socul,2,65,7,,세 띠로 쪼개짐(위 띠: 문제 상자 글 + 단위)
category-dot,2026_06_socul,2,66,7,,가운데 띠(점 3계열 + 범례)
category-dot,2026_06_socul,2,67,7,,아래 띠(가로축)
cube,2026_06_korgeo,4,203,18,,345dpi; 입체 좌표 상자 위 띠
cube,2026_06_korgeo,4,187,18,,345dpi; 아래 띠
